year,budget,budget(tourism)
2009,81.0418,1.18
2010,70.21288,3.31908
2011,96.752561,1.376311
2012,22.7649,1.73425
2013,,
2014,96.3653,4.733
2015,126.3448,15.745
2016,1569.5502,3.0693
2017,1562.5878,0